{
    "Items": [
        "{\"DataType\":\"ItemData\",\"DataVersion\":0,\"GameVersion\":\"0.3.4f4 Alternate\",\"ID\":\"modernwalllamp\",\"Quantity\":10}",
        "{\"DataType\":\"WeedData\",\"DataVersion\":0,\"GameVersion\":\"0.3.4f4 Alternate\",\"ID\":\"ogkush\",\"Quantity\":1,\"Quality\":\"Standard\",\"PackagingID\":\"\"}",
        "{\"DataType\":\"ItemData\",\"DataVersion\":0,\"GameVersion\":\"0.3.4f4 Alternate\",\"ID\":\"chemistrystation\",\"Quantity\":1}",
        "{\"DataType\":\"ItemData\",\"DataVersion\":0,\"GameVersion\":\"0.3.4f4 Alternate\",\"ID\":\"plasticpot\",\"Quantity\":1}",
        "{\"DataType\":\"ItemData\",\"DataVersion\":0,\"GameVersion\":\"0.3.4f4 Alternate\",\"ID\":\"trashbag\",\"Quantity\":1}",
        "{\"DataType\":\"ItemData\",\"DataVersion\":0,\"GameVersion\":\"0.3.4f4 Alternate\",\"ID\":\"\",\"Quantity\":0}",
        "{\"DataType\":\"ItemData\",\"DataVersion\":0,\"GameVersion\":\"0.3.4f4 Alternate\",\"ID\":\"\",\"Quantity\":0}",
        "{\"DataType\":\"ItemData\",\"DataVersion\":0,\"GameVersion\":\"0.3.4f4 Alternate\",\"ID\":\"\",\"Quantity\":0}",
        "{\"DataType\":\"CashData\",\"DataVersion\":0,\"GameVersion\":\"0.3.4f4 Alternate\",\"ID\":\"cash\",\"Quantity\":1,\"CashBalance\":0.0}"
    ]
}